{
  "batch_size": 512,
  "optimizer": "AdamW",
  "lr_max": 0.001,
  "weight_decay": 0.0001,
  "epochs": 200,
  "scheduler": "OneCycleLR",
  "class_weights": [
    0.11303562670946121,
    0.6428897380828857,
    0.8899164199829102,
    2.921008586883545,
    0.30354979634284973,
    0.4906580150127411,
    0.8864790797233582,
    2.4997196197509766,
    0.25274306535720825
  ],
  "best_val_corr": 0.7626104140508124,
  "ema_decay": 0.9995,
  "mixup_alpha": 0.2,
  "label_smooth": 0.01,
  "seed": 20260405
}